Wall time,Step,Value
1590024150.5943954,1,79.59025573730469
1590024476.1386206,2,81.5822982788086
1590024805.5454373,3,83.93462371826172
1590025139.6895158,4,84.67539978027344
1590025462.240951,5,86.11612701416016
1590025785.4157426,6,86.79428100585938
1590026107.3376143,7,87.46529388427734
1590026434.0347037,8,87.9597396850586
1590026753.2584956,9,88.38739776611328
1590027076.5127788,10,89.3955078125
1590027403.2004175,11,90.4402847290039
1590027724.5953066,12,91.16936492919922
1590028048.3648822,13,91.66856384277344
1590028375.3934598,14,92.09305572509766
1590028704.9131324,15,92.3901138305664
1590029034.6397502,16,92.62356567382812
1590029362.4629226,17,92.84492492675781
1590029684.8454714,18,92.99474334716797
1590030019.4477966,19,93.03794860839844
1590030342.6043391,20,93.29339599609375
1590030664.6384363,21,93.43171691894531
1590030993.8516748,22,93.64059448242188
1590031314.8418748,23,93.66556549072266
1590031642.9992642,24,93.80191040039062
1590031966.9162352,25,94.00344848632812
1590032286.893856,26,93.957275390625
1590032618.355793,27,93.92913818359375
1590032944.9343274,28,94.06944274902344
1590033262.681786,29,93.99988555908203
1590033585.0835428,30,93.9640121459961
1590033906.4107392,31,94.07498931884766
1590034229.420368,32,94.24760437011719
1590034555.1290443,33,94.29496765136719
1590034878.41741,34,94.22203826904297
1590035204.6440432,35,94.28644561767578
1590035529.5910015,36,94.38176727294922
1590035857.26084,37,94.32369995117188
1590036183.2787552,38,94.46757507324219
1590036514.3685036,39,94.5083999633789
