Wall time,Step,Value
1590024703.8991163,1,0.8406577706336975
1590025007.8601062,2,0.7178075909614563
1590025313.2577398,3,0.7502060532569885
1590025613.1518037,4,0.7614051699638367
1590025908.3117096,5,0.7452929019927979
1590026207.2885044,6,0.7324247360229492
1590026505.882448,7,0.7293920516967773
1590026810.2211537,8,0.7204985022544861
1590027107.9923499,9,0.7119739055633545
1590027404.0394201,10,0.7111897468566895
1590027701.9703903,11,0.7064255475997925
1590027999.8507304,12,0.6993875503540039
1590028297.313144,13,0.6866069436073303
1590028593.7950919,14,0.6758365631103516
1590028890.7770033,15,0.6711896657943726
1590029190.7797587,16,0.6700343489646912
1590029488.5513144,17,0.6696404814720154
1590029793.7483213,18,0.6708230972290039
1590030091.4298375,19,0.6719967126846313
1590030393.1462839,20,0.6688187122344971
1590030693.3019097,21,0.6645237803459167
1590030992.3214695,22,0.6606115698814392
1590031293.7756498,23,0.6563631296157837
1590031591.9464455,24,0.6511373519897461
1590031891.8713698,25,0.6463742852210999
1590032188.0073051,26,0.6404855847358704
1590032486.5225666,27,0.634617269039154
1590032787.0927174,28,0.6293593645095825
1590033086.3958743,29,0.6247247457504272
1590033389.7137513,30,0.6200491189956665
1590033684.0439827,31,0.6158816814422607
1590033985.9071033,32,0.612267792224884
1590034286.2538755,33,0.609968900680542
1590034583.6484597,34,0.6083330512046814
1590034879.1267734,35,0.6078968048095703
1590035178.9811645,36,0.6082230806350708
1590035480.3225577,37,0.6086630821228027
1590035782.4292457,38,0.609749972820282
1590036082.735913,39,0.6108111143112183
