Wall time,Step,Value
1590103750.1565611,1,0.8690662384033203
1590104067.88066,2,0.8272109627723694
1590104378.6881943,3,0.8334793448448181
1590104684.9066396,4,0.8678368926048279
1590105009.3969579,5,0.8787652254104614
1590105326.6670916,6,0.8942685723304749
1590105640.244955,7,0.8872753381729126
1590105966.1781244,8,0.8787877559661865
1590106280.9117658,9,0.8718691468238831
1590106614.3922215,10,0.8677549958229065
1590106942.4515715,11,0.8609813451766968
1590107278.6194355,12,0.856220543384552
1590107605.8432744,13,0.852641224861145
1590107935.047546,14,0.8518047332763672
1590108273.9572313,15,0.8499338030815125
1590108596.8269043,16,0.8487874865531921
1590108905.8474755,17,0.849867045879364
1590109220.8166754,18,0.850928008556366
1590109533.3362293,19,0.8528353571891785
1590109835.8249724,20,0.8547912240028381
1590110084.368964,21,0.8559244275093079
1590110411.0881028,22,0.8572648167610168
1590110749.7606735,23,0.8579545617103577
1590111078.0006454,24,0.8580621480941772
1590111396.7056513,25,0.8574106693267822
1590111723.085683,26,0.8564993739128113
1590112036.0930533,27,0.8566367626190186
1590112361.6370394,28,0.855951726436615
1590112692.8101192,29,0.8560407757759094
1590113014.9169815,30,0.857154905796051
1590113329.6322217,31,0.8574269413948059
1590113643.106177,32,0.857876181602478
1590113956.104181,33,0.8577017188072205
1590114270.6232948,34,0.8577356338500977
1590114562.190837,35,0.8583231568336487
1590114875.0406027,36,0.8584336638450623
1590115187.4359174,37,0.8590677976608276
1590115507.6939049,38,0.8595316410064697
1590115839.1495388,39,0.8604360818862915
