Wall time,Step,Value
1590103817.7769473,1,0.7932115197181702
1590104118.1365845,2,0.9300143122673035
1590104417.7193723,3,0.9221681356430054
1590104720.4141815,4,0.9303755164146423
1590105024.6319876,5,0.9342176914215088
1590105328.510285,6,0.9373403787612915
1590105630.0947728,7,0.9386458396911621
1590105934.034881,8,0.9375821948051453
1590106238.5300105,9,0.9381009936332703
1590106542.510363,10,0.9380837678909302
1590106841.57595,11,0.9382543563842773
1590107147.1395109,12,0.939989447593689
1590107451.1036193,13,0.939547061920166
1590107753.1214743,14,0.9387443661689758
1590108056.7104096,15,0.9385766983032227
1590108358.8893266,16,0.9383359551429749
1590108660.7623792,17,0.938312292098999
1590108964.0826905,18,0.9395784139633179
1590109265.9560215,19,0.9397462606430054
1590109568.1166422,20,0.9403096437454224
1590109870.6031122,21,0.9410655498504639
1590110173.8970823,22,0.9414028525352478
1590110476.0025241,23,0.941457986831665
1590110778.6205444,24,0.9416732788085938
1590111082.0342267,25,0.9413844347000122
1590111385.3477461,26,0.9410313963890076
1590111688.498325,27,0.941547155380249
1590111988.9677472,28,0.9419928789138794
1590112293.5826988,29,0.942152202129364
1590112595.1906319,30,0.941942572593689
1590112899.0423534,31,0.9413806796073914
1590113202.9922726,32,0.9415672421455383
1590113504.5022256,33,0.9421480894088745
1590113807.9152951,34,0.9415356516838074
1590114109.616109,35,0.9416829943656921
1590114410.5737586,36,0.9418060183525085
1590114712.6377645,37,0.9414490461349487
1590115015.2416153,38,0.9419722557067871
1590115317.9820127,39,0.9421161413192749
