Wall time,Step,Value
1590012544.1474864,1,0.7363452911376953
1590012851.3024135,2,0.7879672646522522
1590013170.6202269,3,0.7900896072387695
1590013490.2712283,4,0.7700625061988831
1590013806.2047684,5,0.7591286897659302
1590014122.0682757,6,0.750857949256897
1590014430.4972844,7,0.7493221163749695
1590014743.9900768,8,0.7530978322029114
1590015055.9649189,9,0.7538650035858154
1590015371.5958457,10,0.7658310532569885
1590015685.6805017,11,0.7717336416244507
1590016003.825724,12,0.770004153251648
1590016314.7575226,13,0.77724289894104
1590016622.261728,14,0.7862099409103394
1590016934.9946072,15,0.7845539450645447
1590017250.1390934,16,0.7838388085365295
1590017560.1509159,17,0.7837139368057251
1590017879.5848696,18,0.7751902341842651
1590018196.7576542,19,0.7695931196212769
1590018512.4542313,20,0.7680531740188599
1590018826.7940218,21,0.7659457325935364
1590019141.1329195,22,0.7629770040512085
1590019457.4137235,23,0.7612139582633972
1590019775.8431199,24,0.7603090405464172
1590020098.9595938,25,0.7592567801475525
1590020415.587936,26,0.7578200697898865
1590020726.8654177,27,0.7575124502182007
1590021041.7941256,28,0.7571644186973572
1590021360.6062305,29,0.7576473951339722
1590021680.5677621,30,0.7592716217041016
1590022005.2046225,31,0.7598234415054321
1590022319.1454906,32,0.75844806432724
1590022637.6362722,33,0.753269612789154
1590022954.8083594,34,0.7503781318664551
1590023276.275902,35,0.7522818446159363
1590023606.346402,36,0.7526172995567322
1590023940.2461216,37,0.7530090808868408
1590024270.797465,38,0.7558411359786987
1590024597.4336686,39,0.7539827227592468
