Wall time,Step,Value
1590103770.7947721,1,0.7829462885856628
1590104088.4482877,2,0.8390173316001892
1590104398.8709118,3,0.8903897404670715
1590104705.9239662,4,0.9078645706176758
1590105029.4852703,5,0.9018170833587646
1590105347.187858,6,0.9066406488418579
1590105660.7691185,7,0.9096413850784302
1590105986.3987036,8,0.9126845598220825
1590106301.1152723,9,0.9149568676948547
1590106634.9501276,10,0.9170315265655518
1590106966.8210654,11,0.9179160594940186
1590107299.3468797,12,0.9183983206748962
1590107631.7530918,13,0.9189125299453735
1590107960.7874546,14,0.9198314547538757
1590108294.7435238,15,0.9198521971702576
1590108617.010891,16,0.9194418787956238
1590108926.5112925,17,0.9165785312652588
1590109241.0202177,18,0.9140082001686096
1590109553.3875875,19,0.9124528765678406
1590109855.7856295,20,0.9115517139434814
1590110110.1493492,21,0.9107675552368164
1590110433.5822973,22,0.9099254012107849
1590110770.4739385,23,0.909390389919281
1590111098.6173654,24,0.9092148542404175
1590111422.326213,25,0.9093310236930847
1590111743.1388342,26,0.9094346165657043
1590112056.925196,27,0.9094817042350769
1590112387.3351684,28,0.9096807837486267
1590112718.488058,29,0.909603476524353
1590113035.14147,30,0.9119205474853516
1590113350.3151557,31,0.9121838808059692
1590113663.2345693,32,0.9121086001396179
1590113977.0147882,33,0.9123967885971069
1590114291.271421,34,0.912717878818512
1590114582.8338356,35,0.9116894602775574
1590114898.3302982,36,0.9120799899101257
1590115208.4529347,37,0.9120316505432129
1590115529.7366493,38,0.9116487503051758
1590115865.048896,39,0.9116904735565186
