Wall time,Step,Value
1590091294.6771727,1,77.60276794433594
1590091599.9880154,2,80.84291076660156
1590091909.8235133,3,81.9407958984375
1590092221.7680652,4,82.8280258178711
1590092537.9210947,5,84.1605453491211
1590092846.1795053,6,84.75982666015625
1590093163.7930472,7,85.00833129882812
1590093474.4201157,8,85.1531982421875
1590093793.5221598,9,85.23999786376953
1590094125.0132267,10,85.37892150878906
1590094434.7641764,11,85.78081512451172
1590094741.3751554,12,85.86405181884766
1590095060.6833606,13,86.07887268066406
1590095371.5516016,14,86.30062866210938
1590095700.400005,15,86.54715728759766
1590096021.0684013,16,86.82241821289062
1590096338.0292542,17,87.00592803955078
1590096653.4211686,18,87.52474975585938
1590096965.9740634,19,87.89929962158203
1590097281.1514378,20,88.34300994873047
1590097605.8459978,21,88.46448516845703
1590097921.7629344,22,88.55366516113281
1590098226.8947024,23,88.57804107666016
1590098537.998976,24,88.71973419189453
1590098856.7175806,25,88.82575988769531
1590099168.7031102,26,88.84696197509766
1590099477.7897155,27,88.96705627441406
1590099787.1441476,28,89.00352478027344
1590100090.4525716,29,89.02452850341797
1590100395.4700518,30,89.07684326171875
1590100714.2362924,31,89.22091674804688
1590101018.0525973,32,89.2114028930664
1590101324.3891733,33,89.1792984008789
1590101629.8004992,34,89.23181915283203
1590101942.6125424,35,89.26293182373047
1590102251.7713091,36,89.23895263671875
1590102564.9972115,37,89.32575225830078
1590102875.553593,38,89.31425476074219
1590103199.6585264,39,89.38064575195312
