Wall time,Step,Value
1590012544.14715,1,74.00214385986328
1590012851.3021023,2,82.4732894897461
1590013170.6198788,3,83.9052963256836
1590013490.27086,4,85.21978759765625
1590013806.2045357,5,86.21937561035156
1590014122.0679343,6,88.71121215820312
1590014430.496973,7,90.3253402709961
1590014743.989737,8,90.98526000976562
1590015055.964524,9,91.76032257080078
1590015371.5955064,10,92.2511978149414
1590015685.6801805,11,92.705810546875
1590016003.8252928,12,93.2842788696289
1590016314.757212,13,93.5395278930664
1590016622.261388,14,93.74602508544922
1590016934.9942653,15,94.07855987548828
1590017250.1387823,16,94.5609130859375
1590017560.1505861,17,95.134033203125
1590017879.584557,18,95.357177734375
1590018196.7572472,19,95.60767364501953
1590018512.4538798,20,95.81119537353516
1590018826.7936895,21,95.769775390625
1590019141.1325333,22,96.0301742553711
1590019457.4132497,23,96.17088317871094
1590019775.8428168,24,96.24202728271484
1590020098.9592683,25,96.46734619140625
1590020415.5876231,26,96.581298828125
1590020726.8650727,27,96.71883392333984
1590021041.7938154,28,96.80226135253906
1590021360.6059227,29,96.96099853515625
1590021680.5674329,30,96.93048095703125
1590022005.2043803,31,97.0260009765625
1590022319.1451702,32,97.03888702392578
1590022637.6271493,33,97.02679443359375
1590022954.8080542,34,97.22774505615234
1590023276.275563,35,97.17740631103516
1590023606.346055,36,97.40966796875
1590023940.245649,37,97.20356750488281
1590024270.797124,38,97.30166625976562
1590024597.4333105,39,97.35199737548828
