Wall time,Step,Value
1590103817.7766876,1,78.81816864013672
1590104118.1363103,2,79.8508529663086
1590104417.719141,3,80.51057434082031
1590104720.4139156,4,81.15741729736328
1590105024.631728,5,81.95843505859375
1590105328.5099814,6,82.48834991455078
1590105630.0945108,7,82.84883117675781
1590105934.0346246,8,83.28917694091797
1590106238.5297344,9,83.68592071533203
1590106542.5101087,10,84.1621322631836
1590106841.5756927,11,84.81649780273438
1590107147.1392002,12,85.69758605957031
1590107451.1033633,13,86.19935607910156
1590107753.1211097,14,86.46471405029297
1590108056.7101376,15,86.71956634521484
1590108358.8890622,16,87.53445434570312
1590108660.76212,17,88.12838745117188
1590108964.0824304,18,88.65176391601562
1590109265.9557579,19,89.31484985351562
1590109568.1163487,20,89.87608337402344
1590109870.6028395,21,90.22506713867188
1590110173.896812,22,90.49933624267578
1590110476.0021553,23,90.51895904541016
1590110778.620281,24,90.64974975585938
1590111082.0339599,25,90.8154296875
1590111385.3474562,26,90.76132202148438
1590111688.4980655,27,90.84376525878906
1590111988.9674852,28,90.98902893066406
1590112293.5824113,29,91.0201416015625
1590112595.1903293,30,91.03480529785156
1590112899.0420892,31,90.9949722290039
1590113202.9919887,32,91.11347961425781
1590113504.5019617,33,91.12279510498047
1590113807.9150403,34,91.1826400756836
1590114109.6158402,35,91.12715148925781
1590114410.573501,36,91.14202117919922
1590114712.6374922,37,91.06770324707031
1590115015.2413554,38,91.19512939453125
1590115317.9817579,39,91.2349624633789
