Wall time,Step,Value
1590116507.989904,1,0.8501110076904297
1590116819.1879663,2,0.7513176202774048
1590117077.3340333,3,0.7844427227973938
1590117355.1911507,4,0.8270556330680847
1590117671.9021606,5,0.8570497035980225
1590117986.0828524,6,0.857542097568512
1590118308.667445,7,0.8587896823883057
1590118619.4882796,8,0.856178879737854
1590118921.1322968,9,0.8474124073982239
1590119230.2484143,10,0.8361164927482605
1590119539.9822094,11,0.8242087364196777
1590119851.0722086,12,0.8211321234703064
1590120178.6318269,13,0.8211537003517151
1590120500.0453546,14,0.8208560943603516
1590120812.6946838,15,0.8220056295394897
1590121133.3109882,16,0.8238336443901062
1590121450.0357118,17,0.8261542916297913
1590121768.3599858,18,0.8303472399711609
1590122086.30921,19,0.8306769728660583
1590122403.0679142,20,0.8302937746047974
1590122715.7223122,21,0.8297548294067383
1590123053.499372,22,0.8271838426589966
1590123424.3380637,23,0.8255209922790527
1590123782.8699512,24,0.8247537016868591
1590124140.5822043,25,0.8252242207527161
1590124503.6027925,26,0.8254116773605347
1590124855.1308064,27,0.8256425261497498
1590125224.6932049,28,0.8257005214691162
1590125591.9648292,29,0.8257564306259155
1590125962.3969102,30,0.8255916237831116
1590126326.657224,31,0.825381338596344
1590126699.7056665,32,0.8248414993286133
1590127067.7393582,33,0.8249332904815674
1590127441.031349,34,0.8244249820709229
1590127804.16039,35,0.824272871017456
1590128171.307704,36,0.8245524168014526
1590128514.3180954,37,0.8246312737464905
1590128864.4766135,38,0.8245542049407959
1590129216.3861158,39,0.8245846033096313
