Wall time,Step,Value
1590012543.207578,1,79.63207244873047
1590012844.7126276,2,82.31217193603516
1590013150.1726854,3,84.30144500732422
1590013449.4597616,4,85.44609832763672
1590013750.611614,5,86.41021728515625
1590014046.8728848,6,87.62957763671875
1590014348.9128923,7,88.74787902832031
1590014651.0919456,8,90.03700256347656
1590014950.5563858,9,91.25894165039062
1590015244.784162,10,91.8875503540039
1590015549.9062848,11,92.78824615478516
1590015845.7317688,12,93.47472381591797
1590016144.5163674,13,93.94598388671875
1590016443.3410625,14,94.35501098632812
1590016742.8496006,15,94.65643310546875
1590017041.0934088,16,94.77970123291016
1590017339.8575838,17,94.88235473632812
1590017640.8616462,18,95.13760375976562
1590017943.026229,19,95.22737121582031
1590018249.3176737,20,95.39740753173828
1590018538.5044508,21,95.40493774414062
1590018828.2425218,22,95.49034881591797
1590019123.2985616,23,95.54940795898438
1590019418.1050339,24,95.77096557617188
1590019709.6432807,25,95.90770721435547
1590020005.675835,26,95.94416809082031
1590020298.4177487,27,96.1296615600586
1590020583.8800533,28,96.15383911132812
1590020915.477972,29,96.14076232910156
1590021253.8062956,30,96.25708770751953
1590021593.308183,31,96.32862854003906
1590021936.0794415,32,96.3849105834961
1590022270.0204191,33,96.42494201660156
1590022612.95831,34,96.4039306640625
1590022944.0611272,35,96.46199798583984
1590023237.1821003,36,96.4627914428711
1590023536.0476468,37,96.52521514892578
1590023830.6857643,38,96.45110321044922
1590024129.014212,39,96.61062622070312
