Wall time,Step,Value
1590025224.6653185,1,77.60712432861328
1590025511.841409,2,82.00203704833984
1590025796.420542,3,83.3626937866211
1590026077.3652613,4,85.18748474121094
1590026364.8155446,5,86.1036376953125
1590026649.9164999,6,87.94329071044922
1590026937.4627316,7,88.85746765136719
1590027224.7562976,8,90.28749084472656
1590027517.599821,9,91.74882507324219
1590027803.5263646,10,92.76229095458984
1590028090.7874992,11,93.79695129394531
1590028376.1568909,12,94.49967956542969
1590028658.8537192,13,94.79535675048828
1590028944.9944615,14,95.06883239746094
1590029230.175512,15,95.31120300292969
1590029515.0297887,16,95.66018676757812
1590029799.2271476,17,95.67069244384766
1590030085.8095517,18,95.8775863647461
1590030370.067198,19,96.2414321899414
1590030659.1377246,20,96.36172485351562
1590030948.5835373,21,96.32743835449219
1590031240.40749,22,96.46001434326172
1590031529.486278,23,96.46992492675781
1590031814.1510563,24,96.6235122680664
1590032100.9765816,25,96.59378814697266
1590032393.716689,26,96.56623840332031
1590032680.853896,27,96.58724212646484
1590032968.7091649,28,96.8432846069336
1590033250.1623821,29,96.94692993164062
1590033537.9936805,30,96.9045181274414
1590033824.2341707,31,97.04839324951172
1590034110.9328983,32,97.19940185546875
1590034400.3675668,33,97.23150634765625
1590034687.915431,34,97.1916732788086
1590034972.3017066,35,96.9717025756836
1590035265.1489754,36,97.1986083984375
1590035552.660058,37,97.2929458618164
1590035839.1293602,38,97.40966796875
1590036125.9936197,39,97.38826751708984
