Wall time,Step,Value
1590025224.6656575,1,0.7333660125732422
1590025511.8416991,2,0.7773929834365845
1590025796.420849,3,0.8026428818702698
1590026077.3655481,4,0.8041902780532837
1590026364.8158543,5,0.8057713508605957
1590026649.9168136,6,0.8031889200210571
1590026937.463032,7,0.8050495386123657
1590027224.7565982,8,0.7858771085739136
1590027517.6001394,9,0.7663552761077881
1590027803.52669,10,0.759067714214325
1590028090.7878218,11,0.7552667856216431
1590028376.1572545,12,0.7551525831222534
1590028658.8540323,13,0.7555393576622009
1590028944.9947963,14,0.7527432441711426
1590029230.17584,15,0.7444513440132141
1590029515.0301104,16,0.744662344455719
1590029799.2274685,17,0.7490336298942566
1590030085.80989,18,0.7470677495002747
1590030370.0674825,19,0.753783106803894
1590030659.1380727,20,0.7681907415390015
1590030948.5838335,21,0.7693700790405273
1590031240.4077983,22,0.7647699117660522
1590031529.4866226,23,0.7624068856239319
1590031814.151378,24,0.7636477947235107
1590032100.9768293,25,0.7668464779853821
1590032393.7170138,26,0.7687212824821472
1590032680.8541274,27,0.7695651054382324
1590032968.7094858,28,0.7703885436058044
1590033250.162681,29,0.7720718383789062
1590033537.9940012,30,0.772357702255249
1590033824.2345085,31,0.7721956372261047
1590034110.9332232,32,0.7729828953742981
1590034400.3678896,33,0.771576464176178
1590034687.9158742,34,0.7706295847892761
1590034972.3020308,35,0.7708941102027893
1590035265.149273,36,0.7736255526542664
1590035552.6603768,37,0.7733996510505676
1590035839.1295986,38,0.7678568959236145
1590036125.9939282,39,0.765171468257904
