Wall time,Step,Value
1590103770.7944973,1,79.74700927734375
1590104088.44804,2,81.59854888916016
1590104398.8706844,3,82.86151123046875
1590104705.9237273,4,83.72079467773438
1590105029.4850335,5,84.46969604492188
1590105347.187607,6,86.6700210571289
1590105660.7688806,7,87.19220733642578
1590105986.3984296,8,87.45380401611328
1590106301.1149986,9,88.0102767944336
1590106634.9498692,10,88.34617614746094
1590106966.8207104,11,88.8424072265625
1590107299.346604,12,89.3243637084961
1590107631.7528384,13,89.68226623535156
1590107960.7871864,14,90.27183532714844
1590108294.7432663,15,90.63687133789062
1590108617.010653,16,90.95256042480469
1590108926.5110438,17,91.22703552246094
1590109241.0199814,18,91.42837524414062
1590109553.3873494,19,91.55223846435547
1590109855.7853756,20,91.86456298828125
1590110110.1491,21,92.00070190429688
1590110433.5820324,22,92.13863372802734
1590110770.4736989,23,92.08076477050781
1590111098.617124,24,92.24148559570312
1590111422.325962,25,92.33740234375
1590111743.1385875,26,92.65567016601562
1590112056.924949,27,92.47869873046875
1590112387.3349235,28,92.75792694091797
1590112718.4878044,29,92.74940490722656
1590113035.1412091,30,92.94163513183594
1590113350.3149238,31,93.07738494873047
1590113663.2343445,32,93.13009643554688
1590113977.014544,33,93.15546417236328
1590114291.2711658,34,93.16893768310547
1590114582.8335621,35,93.25395965576172
1590114898.3300428,36,93.24722290039062
1590115208.4526863,37,93.22106170654297
1590115529.7363932,38,93.08650207519531
1590115865.048525,39,93.3603744506836
