Wall time,Step,Value
1590116792.5938613,1,0.9632395505905151
1590117091.9038377,2,0.9592767953872681
1590117399.2163992,3,0.9601427912712097
1590117703.223404,4,0.9589906930923462
1590118011.1397688,5,0.958223819732666
1590118320.5499187,6,0.9579704403877258
1590118622.1309655,7,0.958358108997345
1590118926.6945634,8,0.958160400390625
1590119231.925433,9,0.9584515690803528
1590119504.373206,10,0.9581781625747681
1590119811.0329547,11,0.958149790763855
1590120112.7335083,12,0.9583831429481506
1590120430.6295073,13,0.9581481218338013
1590120735.6410916,14,0.9578773975372314
1590121041.5032208,15,0.9582728147506714
1590121352.9480734,16,0.9582241177558899
1590121664.1198049,17,0.9577591419219971
1590121975.5508163,18,0.958206057548523
1590122287.5064735,19,0.9581468105316162
1590122594.7254622,20,0.9585708975791931
1590122904.9851427,21,0.9582871794700623
1590123275.6726909,22,0.9581410884857178
1590123643.7932267,23,0.9578516483306885
1590124000.4237747,24,0.958173394203186
1590124348.6813917,25,0.9582465291023254
1590124695.2116117,26,0.9578894376754761
1590125042.3112998,27,0.9581536650657654
1590125398.8549469,28,0.9583666920661926
1590125767.3812337,29,0.9580750465393066
1590126123.964354,30,0.9581108689308167
1590126491.138719,31,0.9579787850379944
1590126847.4238431,32,0.9583143591880798
1590127218.140429,33,0.958232045173645
1590127583.061742,34,0.958082914352417
1590127947.8678656,35,0.9582433104515076
1590128305.462549,36,0.9579949975013733
1590128640.625088,37,0.9582388997077942
1590128990.0149598,38,0.9583967328071594
1590129336.2735455,39,0.9583131670951843
