Wall time,Step,Value
1590116528.555001,1,79.97867584228516
1590116839.1131408,2,82.15660858154297
1590117102.6917167,3,83.43978881835938
1590117375.0724,4,84.4278793334961
1590117692.7691083,5,85.35216522216797
1590118006.915264,6,86.16646575927734
1590118328.871619,7,87.06597137451172
1590118639.6761758,8,87.80060577392578
1590118941.8443556,9,88.38422393798828
1590119250.751614,10,89.08814239501953
1590119560.6872714,11,89.85150909423828
1590119876.8897882,12,90.46287536621094
1590120204.572966,13,90.8544692993164
1590120520.764553,14,91.12577056884766
1590120832.8018367,15,91.46563720703125
1590121153.8835175,16,91.61446380615234
1590121470.227287,17,91.81957244873047
1590121788.639506,18,92.16023254394531
1590122106.5005298,19,92.32967376708984
1590122424.092513,20,92.5316162109375
1590122736.676609,21,92.63387298583984
1590123088.8018641,22,92.87484741210938
1590123453.199031,23,93.00981140136719
1590123815.63574,24,93.38158416748047
1590124171.3928852,25,93.14971923828125
1590124533.640881,26,93.1374282836914
1590124886.7145116,27,93.27100372314453
1590125253.4846456,28,93.26703643798828
1590125621.709446,29,93.37642669677734
1590125992.9055514,30,93.42557525634766
1590126355.6966484,31,93.52822875976562
1590126727.9938793,32,93.51851654052734
1590127099.2926705,33,93.5868911743164
1590127470.4739814,34,93.52882385253906
1590127835.5825784,35,93.68102264404297
1590128200.1175156,36,93.70639038085938
1590128542.9731328,37,93.68022918701172
1590128893.5675042,38,93.69271850585938
1590129248.4150407,39,93.68716430664062
