Wall time,Step,Value
1590091279.2549107,1,0.9415714144706726
1590091587.812198,2,0.8652215600013733
1590091896.4251378,3,0.8804171681404114
1590092205.5246809,4,0.9022843837738037
1590092518.1023617,5,0.9145317077636719
1590092828.3921068,6,0.9111660122871399
1590093140.709374,7,0.9045664072036743
1590093450.7207198,8,0.8986278176307678
1590093763.3205888,9,0.8879749178886414
1590094074.853911,10,0.8765990734100342
1590094387.4228199,11,0.870374321937561
1590094699.3523695,12,0.8654161691665649
1590095010.917353,13,0.8610966801643372
1590095321.460677,14,0.8577642440795898
1590095632.7067738,15,0.8553730845451355
1590095944.4876308,16,0.8541169762611389
1590096255.991982,17,0.8530775904655457
1590096564.268767,18,0.8525139093399048
1590096875.062273,19,0.8531394600868225
1590097184.2804542,20,0.8534156680107117
1590097494.6289806,21,0.8543856143951416
1590097806.2717967,22,0.8554405570030212
1590098119.7788255,23,0.857120156288147
1590098432.3563044,24,0.8584024310112
1590098741.7864442,25,0.8597574234008789
1590099052.869934,26,0.8607629537582397
1590099363.8647118,27,0.8627138733863831
1590099675.023563,28,0.8635364770889282
1590099985.9209657,29,0.8629041910171509
1590100299.300254,30,0.8619072437286377
1590100611.9006708,31,0.8608156442642212
1590100923.9431465,32,0.8594537973403931
1590101235.39026,33,0.8581550121307373
1590101547.7325695,34,0.8563011288642883
1590101853.644776,35,0.8546739816665649
1590102164.413802,36,0.8525199294090271
1590102476.7801926,37,0.8509151935577393
1590102789.1293545,38,0.8524554371833801
1590103099.8835676,39,0.8527067303657532
