Wall time,Step,Value
1590091298.5323377,1,78.73969268798828
1590091607.9561222,2,81.33854675292969
1590091915.543897,3,81.63778686523438
1590092224.8243477,4,83.68473052978516
1590092537.689631,5,85.92191314697266
1590092848.4232583,6,88.69595336914062
1590093160.4420938,7,89.52590942382812
1590093470.261561,8,90.02729034423828
1590093783.2663774,9,90.63627624511719
1590094095.2227044,10,91.16797637939453
1590094406.4987407,11,91.6323013305664
1590094719.324433,12,92.02527618408203
1590095030.8559372,13,92.1717300415039
1590095340.7237036,14,92.51457214355469
1590095652.0651946,15,92.74028778076172
1590095964.8391523,16,92.8209457397461
1590096275.545207,17,92.89645385742188
1590096584.2391021,18,93.11642456054688
1590096894.4670446,19,93.29299926757812
1590097204.773761,20,93.33045196533203
1590097514.8343751,21,93.48562622070312
1590097826.5626004,22,93.64356994628906
1590098140.3246984,23,93.7488021850586
1590098451.993465,24,94.29020690917969
1590098761.4174695,25,94.38236236572266
1590099072.57374,26,94.54704284667969
1590099383.66025,27,94.87323760986328
1590099694.6550148,28,95.16178131103516
1590100006.4966578,29,95.14830017089844
1590100318.816178,30,95.14493560791016
1590100631.6114333,31,95.33399200439453
1590100943.833664,32,95.26106262207031
1590101254.3088288,33,95.3199234008789
1590101568.2580988,34,95.42555236816406
1590101873.0256326,35,95.33736419677734
1590102184.819804,36,95.39879608154297
1590102497.0904186,37,95.4754867553711
1590102809.1589425,38,95.5583267211914
1590103119.4799714,39,95.39265441894531
