Wall time,Step,Value
1590116792.5936286,1,74.75064849853516
1590117091.9036121,2,78.56331634521484
1590117399.2161515,3,79.29161071777344
1590117703.2231169,4,79.4673843383789
1590118011.1394873,5,79.61958312988281
1590118320.549664,6,79.65802764892578
1590118622.1307144,7,79.64257049560547
1590118926.694289,8,79.67903900146484
1590119231.9251904,9,79.66417694091797
1590119504.3729844,10,79.69608306884766
1590119811.0327058,11,79.68716430664062
1590120112.7332802,12,79.61839294433594
1590120430.629257,13,79.66714477539062
1590120735.6408718,14,79.7424545288086
1590121041.5027578,15,79.73749542236328
1590121352.9478438,16,79.72620391845703
1590121664.119592,17,79.67765045166016
1590121975.5505922,18,79.6903305053711
1590122287.5062172,19,79.76029205322266
1590122594.7252326,20,79.71253204345703
1590122904.984896,21,79.74819946289062
1590123275.6723642,22,79.62870025634766
1590123643.7929149,23,79.70004272460938
1590124000.423436,24,79.71609497070312
1590124348.6811166,25,79.77812194824219
1590124695.2112508,26,79.64395904541016
1590125042.3110168,27,79.68102264404297
1590125398.8546462,28,79.67765045166016
1590125767.380914,29,79.74819946289062
1590126123.9640543,30,79.74899291992188
1590126491.1383615,31,79.57182312011719
1590126847.4235141,32,79.67745208740234
1590127218.140119,33,79.67230224609375
1590127583.061453,34,79.73194885253906
1590127947.8675668,35,79.74384307861328
1590128305.4622548,36,79.67388153076172
1590128640.6247756,37,79.71273040771484
1590128990.0146651,38,79.6750717163086
1590129336.2732115,39,79.65049743652344
