Wall time,Step,Value
1590103798.1181645,1,0.8836261034011841
1590104098.0183022,2,0.8994243741035461
1590104397.904806,3,0.9388740658760071
1590104700.2805946,4,0.9563004374504089
1590105004.217264,5,0.9610995054244995
1590105308.2431967,6,0.9720458984375
1590105609.6547341,7,0.9718905687332153
1590105914.1682327,8,0.9662151336669922
1590106218.1587133,9,0.9659374356269836
1590106522.1336782,10,0.9715599417686462
1590106821.0572863,11,0.9771799445152283
1590107125.9283426,12,0.9881348609924316
1590107430.630586,13,0.9929694533348083
1590107732.8987184,14,0.9948016405105591
1590108036.2132106,15,0.9960265755653381
1590108339.3464584,16,0.9961636662483215
1590108641.2376041,17,0.9968681931495667
1590108944.340518,18,0.997913658618927
1590109246.1632464,19,1.0000523328781128
1590109548.8580375,20,1.0020133256912231
1590109850.8027515,21,1.0040135383605957
1590110153.3049798,22,1.0059291124343872
1590110456.2465231,23,1.0072463750839233
1590110759.1493614,24,1.0085813999176025
1590111062.7333627,25,1.0102001428604126
1590111364.9903228,26,1.0116641521453857
1590111668.7268348,27,1.0129655599594116
1590111968.5033507,28,1.0142072439193726
1590112272.8889625,29,1.0150272846221924
1590112574.9318883,30,1.0161166191101074
1590112878.5857992,31,1.0182647705078125
1590113182.558645,32,1.0195298194885254
1590113484.8462772,33,1.0207903385162354
1590113788.1930263,34,1.0232131481170654
1590114089.6236544,35,1.0252679586410522
1590114391.5122492,36,1.0268932580947876
1590114692.955336,37,1.0288282632827759
1590114994.952293,38,1.030240774154663
1590115298.2926083,39,1.0315929651260376
