Wall time,Step,Value
1590091270.7978907,1,0.94834303855896
1590091579.978927,2,0.9833017587661743
1590091889.78738,3,1.0324374437332153
1590092196.445362,4,1.036697268486023
1590092517.794303,5,1.0423154830932617
1590092826.124049,6,1.043307900428772
1590093143.7809868,7,1.0449596643447876
1590093454.332261,8,1.044015645980835
1590093772.933416,9,1.0459327697753906
1590094100.3621554,10,1.0472146272659302
1590094414.3808908,11,1.0479258298873901
1590094721.368766,12,1.0488885641098022
1590095040.0660295,13,1.0498614311218262
1590095350.9968352,14,1.0510830879211426
1590095675.1546955,15,1.051822304725647
1590096001.0094292,16,1.0522972345352173
1590096317.4423423,17,1.0545485019683838
1590096632.8960483,18,1.058696985244751
1590096940.6320975,19,1.0606433153152466
1590097261.1659708,20,1.0612523555755615
1590097580.6028,21,1.0617849826812744
1590097901.2447972,22,1.0620206594467163
1590098206.9267507,23,1.0631572008132935
1590098512.828028,24,1.0645684003829956
1590098831.5069604,25,1.0665067434310913
1590099148.5718942,26,1.0682687759399414
1590099457.0383978,27,1.0677720308303833
1590099767.1381767,28,1.0677211284637451
1590100069.711711,29,1.0676383972167969
1590100375.351469,30,1.0670849084854126
1590100693.6727006,31,1.06687331199646
1590100998.2209303,32,1.065907597541809
1590101303.8427958,33,1.065551519393921
1590101609.3543284,34,1.0650743246078491
1590101921.8598242,35,1.0644103288650513
1590102231.1319811,36,1.0640912055969238
1590102544.4409654,37,1.064377784729004
1590102855.0487633,38,1.0642764568328857
1590103179.2156076,39,1.0637664794921875
