Wall time,Step,Value
1590024723.638295,1,78.44500732421875
1590025028.0010798,2,81.07002258300781
1590025333.0570939,3,83.75686645507812
1590025633.2228155,4,85.43163299560547
1590025928.6068482,5,86.30835723876953
1590026227.9518666,6,86.8810806274414
1590026526.4061363,7,87.50909423828125
1590026830.6036644,8,88.35370635986328
1590027128.0458252,9,89.28433227539062
1590027423.9688857,10,89.92879486083984
1590027722.0531125,11,90.63984680175781
1590028019.5557146,12,91.60059356689453
1590028317.398212,13,92.8041000366211
1590028613.5459065,14,93.38911437988281
1590028911.0239615,15,93.7493896484375
1590029210.539916,16,94.01930236816406
1590029508.4338765,17,94.31656646728516
1590029814.3410816,18,94.43586730957031
1590030111.8149998,19,94.74422454833984
1590030413.406077,20,94.89801025390625
1590030713.7876644,21,95.04802703857422
1590031012.5635412,22,95.15444946289062
1590031314.3548195,23,95.2525405883789
1590031612.5222535,24,95.3518295288086
1590031912.3278863,25,95.46320343017578
1590032208.4975526,26,95.5244369506836
1590032506.793945,27,95.6225357055664
1590032807.6084273,28,95.79573822021484
1590033106.7249439,29,96.02899169921875
1590033409.61227,30,96.11875915527344
1590033704.500982,31,96.23231506347656
1590034006.0602422,32,96.40948486328125
1590034306.3192449,33,96.46497344970703
1590034603.6416929,34,96.52264404296875
1590034899.4518616,35,96.63223266601562
1590035198.9125261,36,96.6708755493164
1590035500.6175501,37,96.76302337646484
1590035802.2012224,38,96.80305480957031
1590036102.7061722,39,96.77670288085938
