Wall time,Step,Value
1590104037.812151,1,72.8868179321289
1590104352.7286618,2,73.88145446777344
1590104671.6734605,3,74.26789855957031
1590104992.101658,4,74.28414916992188
1590105324.523854,5,74.28711700439453
1590105665.8051224,6,74.28375244140625
1590105976.7701447,7,74.27859497070312
1590106321.8618174,8,74.28414916992188
1590106641.7117403,9,74.2883071899414
1590106958.7563612,10,74.2998046875
1590107275.1776633,11,74.29029083251953
1590107589.9272742,12,74.29088592529297
1590107900.457422,13,74.2898941040039
1590108208.8470244,14,74.29643249511719
1590108526.6792889,15,74.30078887939453
1590108856.091454,16,74.29861450195312
1590109173.6272697,17,74.33686065673828
1590109491.5398614,18,74.30158233642578
1590109807.8939106,19,74.34003448486328
1590110125.7031677,20,74.31486511230469
1590110438.2452338,21,74.28473663330078
1590110744.6102223,22,74.29029083251953
1590111055.5121436,23,74.29029083251953
1590111371.8248146,24,74.3083267211914
1590111702.0298982,25,74.30098724365234
1590112039.0978782,26,74.29444885253906
1590112364.3321204,27,74.27720642089844
1590112673.0856552,28,74.27879333496094
1590112984.0362513,29,74.2849349975586
1590113294.3475678,30,74.33091735839844
1590113618.625702,31,74.29841613769531
1590113934.0517747,32,74.28533172607422
1590114251.6131563,33,74.28097534179688
1590114569.7257307,34,74.2867202758789
1590114894.4821446,35,74.27958679199219
1590115208.7497647,36,74.3033676147461
1590115526.5987773,37,74.28890228271484
1590115837.1437993,38,74.28771209716797
1590116147.4321642,39,74.2851333618164
