Wall time,Step,Value
1590091299.46565,1,0.917677640914917
1590091619.8411481,2,0.9647806882858276
1590091936.3979528,3,0.9652271270751953
1590092244.2358427,4,0.9652853012084961
1590092554.3235435,5,0.9655085206031799
1590092867.8899515,6,0.9655070900917053
1590093190.3690388,7,0.9648969173431396
1590093506.0237315,8,0.9651656150817871
1590093815.338873,9,0.9651718139648438
1590094125.978875,10,0.9652913808822632
1590094449.174105,11,0.9653759002685547
1590094779.895052,12,0.9655042290687561
1590095104.5894125,13,0.9653745293617249
1590095425.9657695,14,0.9655493497848511
1590095735.3315804,15,0.9654147624969482
1590096055.0794458,16,0.9656199216842651
1590096373.9422271,17,0.9655446410179138
1590096692.3515973,18,0.9655342698097229
1590097011.9895957,19,0.9653236865997314
1590097327.958581,20,0.9656979441642761
1590097643.512344,21,0.9655394554138184
1590097963.962234,22,0.9654442071914673
1590098280.305286,23,0.9655574560165405
1590098606.7119694,24,0.9655711650848389
1590098921.4381664,25,0.9654746651649475
1590099236.252026,26,0.9655286073684692
1590099555.261573,27,0.9655228853225708
1590099874.2472613,28,0.9653832316398621
1590100198.435955,29,0.9653774499893188
1590100519.532581,30,0.965427041053772
1590100849.5246892,31,0.9656099081039429
1590101193.125044,32,0.9653828740119934
1590101520.4279203,33,0.9654276967048645
1590101841.1381917,34,0.9656838774681091
1590102156.340867,35,0.9654442667961121
1590102465.2689126,36,0.9654233455657959
1590102781.706961,37,0.9655404090881348
1590103094.990314,38,0.9653638601303101
1590103402.655847,39,0.9655664563179016
