Wall time,Step,Value
1590091294.6775262,1,0.8218028545379639
1590091599.988259,2,0.8938146829605103
1590091909.8237338,3,0.9549055099487305
1590092221.7682896,4,0.9550254344940186
1590092537.9213398,5,0.9566875696182251
1590092846.1797583,6,0.9563725590705872
1590093163.7932618,7,0.9562724232673645
1590093474.420337,8,0.9564381241798401
1590093793.5224202,9,0.9562172293663025
1590094125.0134954,10,0.956066906452179
1590094434.7644403,11,0.9526450634002686
1590094741.3753815,12,0.95131915807724
1590095060.6835942,13,0.9518051147460938
1590095371.5518296,14,0.9516036510467529
1590095700.400252,15,0.9521715641021729
1590096021.0686653,16,0.9526022672653198
1590096338.0294917,17,0.9534927606582642
1590096653.4213924,18,0.954342782497406
1590096965.9744077,19,0.9546213150024414
1590097281.1516533,20,0.9557909369468689
1590097605.8462536,21,0.956411600112915
1590097921.7631636,22,0.9561872482299805
1590098226.8949044,23,0.9568912386894226
1590098537.999229,24,0.9570721983909607
1590098856.7178705,25,0.9576926827430725
1590099168.7033331,26,0.9576854109764099
1590099477.7899644,27,0.9580023288726807
1590099787.1443589,28,0.9580762386322021
1590100090.452797,29,0.958110511302948
1590100395.4702854,30,0.9585076570510864
1590100714.236622,31,0.9589679837226868
1590101018.0528228,32,0.9590862989425659
1590101324.3894393,33,0.9587929248809814
1590101629.8007562,34,0.9589626789093018
1590101942.6127667,35,0.959109902381897
1590102251.7715402,36,0.9591907262802124
1590102564.9974732,37,0.9593732953071594
1590102875.5538404,38,0.9591580629348755
1590103199.6587737,39,0.9593682885169983
