Wall time,Step,Value
1590115936.699878,1,77.30728912353516
1590116237.0235436,2,79.22283935546875
1590116539.5239456,3,82.06941223144531
1590116839.4112153,4,83.03610229492188
1590117140.2452512,5,83.90608978271484
1590117440.0947773,6,85.7364273071289
1590117737.5292695,7,88.38640594482422
1590118038.0616453,8,89.56256866455078
1590118339.294527,9,90.44900512695312
1590118640.9052358,10,90.80987548828125
1590118941.8724427,11,91.10436248779297
1590119243.0054102,12,91.24962615966797
1590119546.8575141,13,91.43987274169922
1590119850.0219586,14,91.49913024902344
1590120150.535353,15,91.46662902832031
1590120450.8164105,16,91.64934539794922
1590120751.050083,17,91.74268341064453
1590121050.3692653,18,91.7436752319336
1590121349.2525568,19,91.81263732910156
1590121651.249515,20,91.84632873535156
1590121953.920496,21,91.91093444824219
1590122255.8163986,22,91.91212463378906
1590122557.2569454,23,91.95809936523438
1590122860.9982002,24,91.96978759765625
1590123241.1574488,25,92.0821533203125
1590123642.366692,26,92.10336303710938
1590124066.674158,27,92.02507781982422
1590124465.676935,28,92.09166717529297
1590124875.3285916,29,92.1463623046875
1590125276.797753,30,92.09642028808594
1590125684.9418442,31,92.1632080078125
1590126087.7604156,32,92.19769287109375
1590126503.0046616,33,92.16796112060547
1590126912.7916424,34,92.21076965332031
1590127329.9707477,35,92.21076965332031
1590127733.9768958,36,92.22940063476562
1590128148.6703815,37,92.23989868164062
1590128547.7866442,38,92.25872802734375
1590128949.200109,39,92.23316192626953
