Wall time,Step,Value
1590091299.4654174,1,73.8687744140625
1590091619.8408918,2,77.76487731933594
1590091936.3977263,3,77.7763671875
1590092244.235584,4,77.82749938964844
1590092554.3232934,5,77.82829284667969
1590092867.8896804,6,77.77062225341797
1590093190.3688052,7,77.66737365722656
1590093506.0234776,8,77.9759292602539
1590093815.3385305,9,78.08096313476562
1590094125.978627,10,78.15052032470703
1590094449.1738691,11,78.1485366821289
1590094779.8948307,12,78.19293212890625
1590095104.5891416,13,78.22840118408203
1590095425.9654226,14,78.23316192626953
1590095735.3312442,15,78.23493957519531
1590096055.0792072,16,78.20006561279297
1590096373.9419754,17,78.21532440185547
1590096692.3512459,18,78.23493957519531
1590097011.9893382,19,78.23989868164062
1590097327.958208,20,78.20700073242188
1590097643.512083,21,78.21888732910156
1590097963.9619792,22,78.21492767333984
1590098280.3050225,23,78.24564361572266
1590098606.7117355,24,78.23593139648438
1590098921.4379017,25,78.19491577148438
1590099236.2518134,26,78.16756439208984
1590099555.2613306,27,78.2157211303711
1590099874.2470024,28,78.22859954833984
1590100198.4357026,29,78.19451904296875
1590100519.5323417,30,78.17826843261719
1590100849.5243447,31,78.19609832763672
1590101193.1248097,32,78.25357055664062
1590101520.4276917,33,78.24188232421875
1590101841.1379368,34,78.19629669189453
1590102156.3406382,35,78.21987915039062
1590102465.268686,36,78.22879791259766
1590102781.7067375,37,78.22760772705078
1590103094.9900923,38,78.22166442871094
1590103402.6556196,39,78.219482421875
