Wall time,Step,Value
1590024129.685852,1,0.8438859581947327
1590024454.950043,2,0.7456111907958984
1590024784.7714188,3,0.7231581211090088
1590025118.8927345,4,0.6874809861183167
1590025441.9945447,5,0.6787527799606323
1590025765.5318272,6,0.6804715394973755
1590026086.2921479,7,0.6731881499290466
1590026413.030223,8,0.6558279991149902
1590026732.5953085,9,0.6408182978630066
1590027055.6174757,10,0.6285129189491272
1590027378.1781888,11,0.621942400932312
1590027704.2394376,12,0.6116631627082825
1590028028.053071,13,0.6033485531806946
1590028350.6108246,14,0.5960654020309448
1590028682.8553925,15,0.5893774628639221
1590029012.8733644,16,0.5831833481788635
1590029342.175859,17,0.5798510909080505
1590029662.200937,18,0.579389750957489
1590029996.5433457,19,0.5790509581565857
1590030321.2798986,20,0.5779431462287903
1590030644.5167794,21,0.5778011083602905
1590030972.2378488,22,0.5782395005226135
1590031293.0635085,23,0.5791680812835693
1590031620.066716,24,0.5797278881072998
1590031945.87063,25,0.5815824866294861
1590032266.2331488,26,0.5815265774726868
1590032596.038161,27,0.5814451575279236
1590032924.4954278,28,0.5813599228858948
1590033242.731563,29,0.5811408162117004
1590033564.6917398,30,0.5804851651191711
1590033885.3899782,31,0.5801489949226379
1590034208.7848144,32,0.5804842710494995
1590034534.3408775,33,0.5807226300239563
1590034858.0852575,34,0.5814619660377502
1590035183.8393035,35,0.5824349522590637
1590035507.1071026,36,0.583293080329895
1590035834.9925184,37,0.5839908719062805
1590036162.7897072,38,0.5843369960784912
1590036493.6280942,39,0.5847828984260559
